timestamp,pi3_ram_used_mb,pi3_ram_avail_mb,pi3_load,pi3_articles,pi3_pending,pi3_sent,pi4_ram_used_mb,pi4_ram_avail_mb,pi4_load,pi4_articles,pi4_pending_jobs,pi4_completed_jobs,pi4_failed_jobs,pi4_analyses,pi4_active_events,pi4_expired_events,disk_used_pi3,disk_used_pi4
2026-09-02T06:12:02.131026+00:00,360,544,"0.00, 0.00, 0.00",0,0,0,743,3052,"0.02, 0.34, 0.48",0,0,0,0,0,0,0,5276,9267
2026-09-02T06:12:18.812842+00:00,361,543,"0.00, 0.00, 0.00",84,0,84,743,3052,"0.01, 0.32, 0.47",86,84,84,0,84,4,8,5276,9267
2026-09-02T06:15:04.487547+00:00,326,579,"1.72, 0.65, 0.24",84,0,84,0,0,"0",0,0,0,0,0,0,0,5766,0
2026-09-02T06:20:03.438547+00:00,337,567,"0.02, 0.33, 0.22",84,0,84,478,3317,"0.03, 0.25, 0.15",86,84,84,0,84,4,8,5765,9267
2026-09-02T06:25:03.657767+00:00,314,590,"0.01, 0.13, 0.16",84,0,84,454,3340,"0.16, 0.20, 0.15",86,84,84,0,84,4,8,5765,9267
2026-09-02T06:30:03.533267+00:00,311,593,"0.02, 0.05, 0.11",85,0,85,647,3148,"3.32, 1.28, 0.54",87,85,84,0,84,4,8,5765,9267
2026-09-02T06:35:03.107678+00:00,316,588,"0.18, 0.08, 0.10",85,0,85,477,3318,"0.40, 0.84, 0.59",87,85,85,0,85,4,8,5765,9267
2026-09-02T06:40:03.977084+00:00,313,591,"0.00, 0.02, 0.06",86,0,86,650,3144,"3.45, 1.56, 0.88",88,86,85,0,85,4,8,5765,9267
2026-09-02T06:45:03.579905+00:00,318,586,"0.08, 0.02, 0.04",87,0,87,472,3323,"1.87, 2.50, 1.54",89,87,87,0,87,4,8,5765,9267
2026-09-02T06:50:04.181113+00:00,317,587,"0.04, 0.01, 0.02",88,0,88,473,3322,"1.81, 2.46, 1.78",90,88,88,0,88,4,8,5765,9267
2026-09-02T06:55:03.925283+00:00,313,591,"0.12, 0.03, 0.01",88,0,88,476,3319,"0.01, 0.89, 1.27",90,88,88,0,88,4,8,5765,9267
2026-09-02T07:00:18.332058+00:00,312,592,"0.00, 0.00, 0.00",88,0,88,477,3318,"0.20, 0.42, 0.95",90,88,88,0,88,4,8,5765,9267
2026-09-02T07:05:03.770117+00:00,314,590,"0.04, 0.01, 0.00",89,0,89,478,3317,"2.70, 2.14, 1.54",91,89,89,0,89,4,8,5765,9267
2026-09-02T07:10:03.033583+00:00,315,589,"0.00, 0.00, 0.00",89,0,89,482,3312,"0.04, 0.90, 1.17",91,89,89,0,89,4,8,5765,9267
2026-09-02T07:15:03.724353+00:00,312,592,"0.06, 0.02, 0.00",90,0,90,487,3308,"2.73, 2.02, 1.54",92,90,90,0,90,4,8,5765,9267
2026-09-02T07:20:04.472755+00:00,318,586,"0.00, 0.00, 0.00",90,0,90,501,3294,"0.15, 0.80, 1.13",92,90,90,0,90,4,8,5765,9267
2026-09-02T07:25:04.114752+00:00,317,587,"0.00, 0.00, 0.00",91,0,91,686,3108,"0.39, 0.37, 0.84",93,91,90,0,90,4,8,5765,9267
2026-09-02T07:30:02.778087+00:00,312,592,"0.00, 0.00, 0.00",92,0,92,649,3146,"0.51, 1.29, 1.20",94,92,91,0,91,4,8,5765,9267
2026-09-02T07:35:03.201175+00:00,311,593,"0.00, 0.00, 0.00",92,0,92,500,3295,"0.48, 1.66, 1.48",94,92,92,0,92,4,8,5765,9267
2026-09-02T07:40:03.117932+00:00,312,592,"0.00, 0.00, 0.00",92,0,92,503,3292,"0.14, 0.70, 1.10",94,92,92,0,92,4,8,5765,9267
2026-09-02T07:45:03.029083+00:00,314,590,"0.00, 0.00, 0.00",92,0,92,504,3290,"0.00, 0.25, 0.79",94,92,92,0,92,4,8,5765,9267
2026-09-02T07:50:03.335754+00:00,315,589,"0.02, 0.01, 0.00",92,0,92,509,3286,"0.00, 0.08, 0.56",94,92,92,0,92,3,9,5765,9267
2026-09-02T07:55:03.187619+00:00,312,592,"0.02, 0.01, 0.00",92,0,92,508,3287,"0.26, 0.17, 0.45",94,92,92,0,92,3,9,5765,9267
2026-09-02T08:00:03.334183+00:00,315,589,"0.07, 0.05, 0.01",92,0,92,519,3276,"0.13, 0.15, 0.35",94,92,92,0,92,3,9,5765,9267
2026-09-02T08:05:04.378543+00:00,318,586,"0.00, 0.01, 0.00",92,0,92,507,3288,"0.01, 0.07, 0.25",94,92,92,0,92,3,9,5765,9267
2026-09-02T08:10:03.996531+00:00,313,591,"0.00, 0.00, 0.00",92,0,92,509,3286,"0.00, 0.02, 0.17",94,92,92,0,92,3,9,5765,9267
2026-09-02T08:15:03.642179+00:00,316,588,"0.00, 0.00, 0.00",92,0,92,509,3286,"0.02, 0.01, 0.12",94,92,92,0,92,3,9,5765,9267
2026-09-02T08:20:03.886563+00:00,320,585,"0.00, 0.00, 0.00",93,0,93,689,3106,"4.05, 1.48, 0.62",95,93,92,0,92,3,9,5765,9267
2026-09-02T08:25:33.503388+00:00,317,588,"0.08, 0.02, 0.01",93,0,93,507,3288,"0.28, 1.09, 0.79",95,93,93,0,93,3,9,5765,9267
2026-09-02T08:30:03.435002+00:00,316,588,"0.08, 0.02, 0.01",93,0,93,516,3279,"0.30, 0.60, 0.65",95,93,93,0,93,3,9,5765,9267
2026-09-02T08:35:03.895813+00:00,317,587,"0.08, 0.02, 0.01",94,0,94,514,3281,"3.59, 2.32, 1.33",96,94,94,0,94,3,9,5765,9267
2026-09-02T08:40:03.137281+00:00,316,588,"0.02, 0.01, 0.00",94,0,94,518,3277,"0.53, 1.08, 1.05",96,94,94,0,94,3,9,5765,9267
2026-09-02T08:45:13.306836+00:00,319,585,"0.00, 0.00, 0.00",94,0,94,517,3278,"0.11, 0.51, 0.81",96,94,94,0,94,3,9,5765,9267
2026-09-02T08:50:35.274863+00:00,314,590,"0.00, 0.00, 0.00",94,0,94,514,3280,"0.07, 0.20, 0.58",96,94,94,0,94,3,9,5765,9267
2026-09-02T08:55:15.739856+00:00,316,589,"0.00, 0.00, 0.00",94,0,94,524,3271,"0.14, 0.30, 0.52",96,94,94,0,94,3,9,5765,9267
2026-09-02T09:00:05.138564+00:00,314,590,"0.12, 0.03, 0.01",95,0,95,698,3097,"3.34, 1.33, 0.82",97,95,94,0,94,3,9,5765,9267
2026-09-02T09:05:08.111260+00:00,316,588,"0.01, 0.02, 0.00",95,0,95,521,3274,"0.10, 0.95, 0.86",97,95,95,0,95,3,9,5765,9267
2026-09-02T09:10:17.912090+00:00,314,590,"0.00, 0.00, 0.00",95,0,95,515,3280,"0.00, 0.33, 0.60",97,95,95,0,95,3,9,5765,9267
2026-09-02T09:15:17.632865+00:00,318,586,"0.01, 0.02, 0.00",95,0,95,516,3279,"0.11, 0.14, 0.44",97,95,95,0,95,3,9,5765,9267
2026-09-02T09:20:14.988968+00:00,318,586,"0.00, 0.01, 0.00",95,0,95,518,3277,"0.00, 0.04, 0.31",97,95,95,0,95,3,9,5765,9267
2026-09-02T09:25:21.099134+00:00,318,586,"0.08, 0.03, 0.01",95,0,95,521,3274,"0.05, 0.11, 0.25",97,95,95,0,95,3,9,5765,9267
2026-09-02T09:30:24.085557+00:00,316,588,"0.04, 0.02, 0.00",95,0,95,516,3278,"0.26, 0.17, 0.24",97,95,95,0,95,3,9,5765,9267
2026-09-02T09:35:29.631299+00:00,318,586,"0.00, 0.00, 0.00",96,0,96,519,3276,"0.68, 1.44, 0.86",98,96,96,0,96,3,9,5765,9267
2026-09-02T09:40:21.413203+00:00,319,585,"0.00, 0.00, 0.00",96,0,96,521,3274,"0.03, 0.56, 0.63",98,96,96,0,96,3,9,5765,9267
2026-09-02T09:45:15.142036+00:00,319,586,"0.00, 0.01, 0.00",96,0,96,516,3278,"0.09, 0.28, 0.48",98,96,96,0,96,3,9,5765,9267
2026-09-02T09:50:19.242525+00:00,315,589,"0.00, 0.00, 0.00",97,0,97,701,3094,"3.13, 1.12, 0.70",99,97,96,0,96,3,9,5765,9267
2026-09-02T09:55:15.785735+00:00,317,587,"0.05, 0.02, 0.00",97,0,97,530,3265,"0.16, 1.03, 0.85",99,97,97,0,97,3,9,5765,9267
2026-09-02T10:00:07.284954+00:00,317,587,"0.00, 0.00, 0.00",98,0,98,709,3085,"3.83, 2.24, 1.35",100,98,97,0,97,3,9,5765,9267
2026-09-02T10:05:05.353947+00:00,317,587,"0.01, 0.05, 0.02",99,0,99,710,3085,"4.00, 2.63, 1.67",101,99,98,0,98,3,9,5765,9267
2026-09-02T10:10:18.593544+00:00,317,587,"0.09, 0.05, 0.01",99,0,99,529,3266,"0.02, 0.96, 1.21",101,99,99,0,99,3,9,5765,9267
2026-09-02T10:15:03.891391+00:00,318,586,"0.00, 0.01, 0.00",99,0,99,530,3265,"0.39, 0.49, 0.93",101,99,99,0,99,3,9,5765,9267
2026-09-02T10:20:04.670274+00:00,318,586,"0.00, 0.00, 0.00",100,0,100,711,3084,"3.31, 1.39, 1.12",102,100,99,0,99,3,9,5765,9267
2026-09-02T10:25:03.540156+00:00,317,587,"0.01, 0.00, 0.00",100,0,100,527,3267,"0.52, 1.12, 1.13",102,100,100,0,100,3,9,5765,9267
2026-09-02T10:30:04.484462+00:00,315,589,"0.22, 0.06, 0.02",101,0,101,711,3084,"4.33, 2.20, 1.50",103,101,100,0,100,3,9,5765,9267
2026-09-02T10:35:05.380067+00:00,317,588,"0.00, 0.02, 0.00",103,0,103,710,3085,"4.01, 3.38, 2.22",105,103,102,0,102,3,9,5765,9267
2026-09-02T10:40:04.800738+00:00,316,588,"0.08, 0.02, 0.01",104,0,104,709,3086,"3.14, 2.73, 2.25",106,104,103,0,103,3,9,5765,9267
2026-09-02T10:45:03.818980+00:00,315,590,"0.10, 0.03, 0.01",104,0,104,528,3267,"0.29, 1.61, 1.96",106,104,104,0,104,3,9,5765,9267
2026-09-02T10:50:03.529075+00:00,316,588,"0.00, 0.01, 0.00",104,0,104,530,3265,"0.13, 0.74, 1.48",106,104,104,0,104,3,9,5765,9267
2026-09-02T10:55:03.129874+00:00,316,588,"0.00, 0.00, 0.00",104,0,104,529,3265,"0.00, 0.27, 1.06",106,104,104,0,104,3,9,5765,9267
2026-09-02T11:00:04.425315+00:00,318,586,"0.00, 0.00, 0.00",104,0,104,529,3266,"0.00, 0.09, 0.76",106,104,104,0,104,3,9,5765,9267
2026-09-02T11:05:03.636088+00:00,320,584,"0.05, 0.01, 0.00",104,0,104,533,3262,"0.00, 0.02, 0.54",106,104,104,0,104,3,9,5765,9267
2026-09-02T11:10:04.915074+00:00,318,586,"0.00, 0.00, 0.00",104,0,104,529,3266,"0.02, 0.06, 0.41",106,104,104,0,104,3,9,5765,9267
2026-09-02T11:15:03.631481+00:00,318,586,"0.00, 0.00, 0.00",104,0,104,538,3257,"0.05, 0.06, 0.31",106,104,104,0,104,3,9,5765,9267
2026-09-02T11:20:04.940188+00:00,318,586,"0.00, 0.00, 0.00",104,0,104,538,3257,"0.02, 0.05, 0.23",106,104,104,0,104,3,9,5765,9267
2026-09-02T11:25:03.795222+00:00,317,587,"0.09, 0.03, 0.01",105,0,105,536,3259,"1.94, 1.58, 0.83",107,105,105,0,105,3,9,5765,9267
2026-09-02T11:30:04.091167+00:00,317,587,"0.00, 0.01, 0.00",105,0,105,536,3259,"0.05, 0.67, 0.64",107,105,105,0,105,3,9,5765,9267
2026-09-02T11:35:04.187818+00:00,317,587,"0.00, 0.00, 0.00",105,0,105,537,3258,"0.00, 0.24, 0.46",107,105,105,0,105,3,9,5765,9267
2026-09-02T11:40:06.347197+00:00,316,588,"0.00, 0.00, 0.00",105,0,105,542,3252,"0.00, 0.08, 0.32",107,105,105,0,105,3,9,5765,9267
2026-09-02T11:45:04.013897+00:00,315,589,"0.00, 0.00, 0.00",106,0,106,718,3077,"3.62, 1.50, 0.78",108,106,105,0,105,3,9,5765,9267
2026-09-02T11:50:04.683471+00:00,316,588,"0.00, 0.00, 0.00",106,0,106,537,3258,"0.14, 0.86, 0.74",108,106,106,0,106,3,9,5765,9267
2026-09-02T11:55:03.820672+00:00,319,585,"0.02, 0.01, 0.00",106,0,106,536,3259,"0.07, 0.32, 0.53",108,106,106,0,106,3,9,5765,9267
2026-09-02T12:00:07.603856+00:00,316,588,"0.02, 0.01, 0.00",107,0,107,543,3252,"1.28, 1.63, 1.08",109,107,107,0,107,3,9,5765,9267
2026-09-02T12:05:03.829588+00:00,319,586,"0.03, 0.01, 0.00",108,0,108,545,3250,"3.84, 2.46, 1.51",110,108,108,0,108,3,9,5765,9267
2026-09-02T12:10:05.859041+00:00,319,585,"0.00, 0.00, 0.00",108,0,108,538,3257,"0.11, 0.95, 1.10",110,108,108,0,108,3,9,5765,9267
2026-09-02T12:15:05.385245+00:00,319,585,"0.00, 0.00, 0.00",108,0,108,538,3256,"0.00, 0.35, 0.79",110,108,108,0,108,3,9,5765,9267
2026-09-02T12:20:05.139436+00:00,317,587,"0.00, 0.00, 0.00",108,0,108,538,3257,"0.00, 0.13, 0.57",110,108,108,0,108,3,9,5765,9267
2026-09-02T12:25:03.548704+00:00,319,585,"0.00, 0.00, 0.00",108,0,108,537,3258,"0.00, 0.04, 0.40",110,108,108,0,108,3,9,5765,9267
2026-09-02T12:30:03.526485+00:00,318,586,"0.01, 0.00, 0.00",108,0,108,538,3257,"0.23, 0.11, 0.32",110,108,108,0,108,3,9,5765,9267
2026-09-02T12:35:17.232071+00:00,318,586,"0.00, 0.00, 0.00",108,0,108,538,3257,"0.02, 0.08, 0.24",110,108,108,0,108,3,9,5765,9267
2026-09-02T12:40:04.044124+00:00,315,589,"0.00, 0.00, 0.00",108,0,108,545,3250,"0.04, 0.08, 0.19",110,108,108,0,108,3,9,5765,9267
2026-09-02T12:45:04.619866+00:00,316,588,"0.00, 0.00, 0.00",109,0,109,547,3248,"1.18, 1.47, 0.80",111,109,109,0,109,3,9,5765,9267
2026-09-02T12:50:04.474275+00:00,316,588,"0.02, 0.01, 0.00",109,0,109,548,3247,"0.09, 0.57, 0.59",111,109,109,0,109,3,9,5765,9267
2026-09-02T12:55:04.314094+00:00,319,585,"0.03, 0.02, 0.00",109,0,109,546,3249,"0.01, 0.25, 0.44",111,109,109,0,109,3,9,5765,9267
2026-09-02T13:00:04.768952+00:00,320,584,"0.00, 0.00, 0.00",109,0,109,547,3248,"0.00, 0.08, 0.31",111,109,109,0,109,3,9,5765,9267
2026-09-02T13:05:04.195480+00:00,316,588,"0.00, 0.00, 0.00",109,0,109,545,3249,"0.00, 0.02, 0.21",111,109,109,0,109,3,9,5765,9267
2026-09-02T13:10:06.414620+00:00,313,591,"0.05, 0.01, 0.00",109,0,109,546,3249,"0.00, 0.00, 0.14",111,109,109,0,109,3,9,5765,9267
2026-09-02T13:15:04.538545+00:00,317,587,"0.00, 0.00, 0.00",110,0,110,545,3250,"0.68, 1.34, 0.77",112,110,110,0,110,3,9,5765,9267
2026-09-02T13:20:04.032926+00:00,316,588,"0.00, 0.00, 0.00",110,0,110,545,3249,"0.11, 0.55, 0.58",112,110,110,0,110,3,9,5765,9267
2026-09-02T13:25:04.254360+00:00,316,588,"0.05, 0.01, 0.00",110,0,110,550,3244,"0.10, 0.29, 0.45",112,110,110,0,110,3,9,5765,9267
2026-09-02T13:30:09.953320+00:00,319,586,"0.00, 0.00, 0.00",110,0,110,554,3241,"0.17, 0.16, 0.34",112,110,110,0,110,3,9,5765,9267
2026-09-02T13:35:04.256908+00:00,317,587,"0.01, 0.02, 0.00",110,0,110,547,3248,"0.06, 0.12, 0.27",112,110,110,0,110,3,9,5765,9267
2026-09-02T13:40:04.143233+00:00,317,587,"0.03, 0.01, 0.00",110,0,110,546,3249,"0.01, 0.06, 0.19",112,110,110,0,110,3,9,5765,9267
2026-09-02T13:45:05.770656+00:00,320,584,"0.02, 0.01, 0.00",110,0,110,546,3249,"0.00, 0.01, 0.13",112,110,110,0,110,3,9,5765,9267
2026-09-02T13:50:03.621463+00:00,319,585,"0.08, 0.02, 0.01",110,0,110,550,3245,"0.00, 0.00, 0.08",112,110,110,0,110,3,9,5765,9267
2026-09-02T13:55:04.133460+00:00,322,582,"0.15, 0.04, 0.01",110,0,110,547,3248,"0.17, 0.09, 0.09",112,110,110,0,110,3,9,5765,9267
2026-09-02T14:00:03.951953+00:00,319,585,"0.00, 0.00, 0.00",110,0,110,557,3238,"0.00, 0.02, 0.06",112,110,110,0,110,3,9,5765,9267
2026-09-02T14:05:04.869825+00:00,320,584,"0.05, 0.03, 0.00",110,0,110,557,3238,"0.00, 0.00, 0.03",112,110,110,0,110,3,9,5765,9267
2026-09-02T14:10:04.314970+00:00,321,583,"0.00, 0.02, 0.00",110,0,110,563,3232,"0.00, 0.00, 0.00",112,110,110,0,110,3,9,5765,9267
2026-09-02T14:15:05.904176+00:00,318,586,"0.02, 0.03, 0.00",111,0,111,736,3059,"3.47, 1.27, 0.46",113,111,110,0,110,3,9,5765,9267
2026-09-02T14:20:04.099010+00:00,320,584,"0.01, 0.02, 0.00",111,0,111,567,3227,"0.09, 0.87, 0.57",113,111,111,0,111,3,9,5765,9267
2026-09-02T14:25:03.599916+00:00,318,586,"0.00, 0.00, 0.00",111,0,111,555,3240,"0.04, 0.33, 0.40",113,111,111,0,111,3,9,5765,9267
2026-09-02T14:30:04.448490+00:00,321,583,"0.00, 0.00, 0.00",111,0,111,557,3238,"0.06, 0.22, 0.33",113,111,111,0,111,3,9,5765,9267
2026-09-02T14:35:05.314621+00:00,319,585,"0.01, 0.01, 0.00",111,0,111,558,3237,"0.37, 0.18, 0.27",113,111,111,0,111,3,9,5765,9267
2026-09-02T14:40:04.204866+00:00,318,586,"0.00, 0.00, 0.00",111,0,111,556,3239,"0.00, 0.09, 0.20",113,111,111,0,111,3,9,5765,9267
2026-09-02T14:45:03.524035+00:00,319,586,"0.00, 0.00, 0.00",111,0,111,556,3239,"0.00, 0.02, 0.14",113,111,111,0,111,3,9,5765,9267
2026-09-02T14:50:04.263511+00:00,323,581,"0.03, 0.01, 0.00",111,0,111,556,3239,"0.00, 0.00, 0.08",113,111,111,0,111,3,9,5765,9267
2026-09-02T14:55:04.806571+00:00,318,586,"0.05, 0.02, 0.00",111,0,111,556,3239,"0.02, 0.01, 0.06",113,111,111,0,111,3,9,5765,9267
2026-09-02T15:00:03.593229+00:00,323,581,"0.00, 0.01, 0.00",111,0,111,555,3239,"0.26, 0.22, 0.14",113,111,111,0,111,3,9,5765,9267
2026-09-02T15:05:03.570304+00:00,324,580,"0.00, 0.00, 0.00",111,0,111,559,3236,"0.01, 0.09, 0.09",113,111,111,0,111,3,9,5765,9267
2026-09-02T15:10:03.881779+00:00,323,581,"0.07, 0.02, 0.00",111,0,111,555,3240,"0.01, 0.04, 0.07",113,111,111,0,111,3,9,5765,9267
2026-09-02T15:15:04.208007+00:00,321,584,"0.06, 0.01, 0.00",111,0,111,555,3239,"0.04, 0.03, 0.05",113,111,111,0,111,3,9,5765,9267
2026-09-02T15:20:04.254654+00:00,319,585,"0.03, 0.01, 0.00",111,0,111,565,3230,"0.09, 0.09, 0.07",113,111,111,0,111,3,9,5765,9267
2026-09-02T15:25:04.664537+00:00,320,584,"0.00, 0.00, 0.00",111,0,111,566,3229,"0.10, 0.19, 0.13",113,111,111,0,111,3,9,5765,9267
2026-09-02T15:30:03.843818+00:00,319,586,"0.08, 0.02, 0.01",111,0,111,569,3226,"0.36, 0.16, 0.11",113,111,111,0,111,3,9,5765,9267
2026-09-02T15:35:04.171631+00:00,322,582,"0.00, 0.00, 0.00",111,0,111,566,3229,"0.06, 0.11, 0.10",113,111,111,0,111,3,9,5765,9267
2026-09-02T15:40:03.355569+00:00,320,584,"0.00, 0.00, 0.00",111,0,111,569,3226,"0.07, 0.11, 0.09",113,111,111,0,111,3,9,5765,9267
2026-09-02T15:45:03.866987+00:00,319,586,"0.00, 0.00, 0.00",112,0,112,744,3051,"3.68, 1.61, 0.67",114,112,111,0,111,3,9,5765,9267
2026-09-02T15:50:04.763997+00:00,322,582,"0.08, 0.02, 0.01",112,0,112,563,3232,"0.04, 0.74, 0.57",114,112,112,0,112,3,9,5765,9267
2026-09-02T15:55:04.868516+00:00,321,583,"0.08, 0.02, 0.01",112,0,112,563,3232,"0.00, 0.26, 0.40",114,112,112,0,112,3,9,5765,9267
2026-09-02T16:00:04.370185+00:00,319,585,"0.00, 0.01, 0.00",112,0,112,565,3230,"0.30, 0.22, 0.33",114,112,112,0,112,3,9,5765,9267
2026-09-02T16:05:04.199645+00:00,320,584,"0.00, 0.00, 0.00",112,0,112,565,3230,"0.08, 0.22, 0.30",114,112,112,0,112,3,9,5765,9267
2026-09-02T16:10:05.230423+00:00,319,585,"0.00, 0.00, 0.00",112,0,112,563,3232,"0.00, 0.07, 0.21",114,112,112,0,112,3,9,5765,9267
2026-09-02T16:15:05.023084+00:00,317,587,"0.01, 0.02, 0.00",112,0,112,568,3227,"0.00, 0.02, 0.14",114,112,112,0,112,3,9,5765,9267
2026-09-02T16:20:03.801087+00:00,317,587,"0.00, 0.00, 0.00",112,0,112,578,3217,"0.24, 0.11, 0.13",114,112,112,0,112,3,9,5765,9267
2026-09-02T16:25:04.471146+00:00,322,582,"0.00, 0.00, 0.00",114,0,114,749,3046,"3.92, 2.54, 1.19",116,114,113,0,113,3,9,5765,9267
2026-09-02T16:30:04.326005+00:00,319,585,"0.00, 0.00, 0.00",115,0,115,748,3047,"3.83, 3.02, 1.75",117,115,114,0,114,3,9,5765,9267
2026-09-02T16:35:03.896716+00:00,321,583,"0.00, 0.00, 0.00",115,0,115,566,3229,"0.03, 1.17, 1.30",117,115,115,0,115,3,9,5765,9267
2026-09-02T16:40:05.685883+00:00,319,585,"0.01, 0.01, 0.00",115,0,115,577,3218,"0.26, 0.51, 0.96",117,115,115,0,115,3,9,5765,9267
2026-09-02T16:45:04.267338+00:00,318,586,"0.00, 0.00, 0.00",115,0,115,578,3217,"0.11, 0.41, 0.81",117,115,115,0,115,3,9,5765,9267
2026-09-02T16:50:04.297238+00:00,318,586,"0.00, 0.00, 0.00",115,0,115,576,3219,"0.00, 0.14, 0.57",117,115,115,0,115,3,9,5765,9267
2026-09-02T16:55:04.355501+00:00,319,585,"0.00, 0.00, 0.00",115,0,115,583,3212,"0.04, 0.07, 0.41",117,115,115,0,115,3,9,5765,9267
2026-09-02T17:00:07.820388+00:00,320,584,"0.34, 0.08, 0.02",115,0,115,576,3219,"0.00, 0.02, 0.28",117,115,115,0,115,3,9,5765,9267
2026-09-02T17:05:04.528653+00:00,318,586,"0.00, 0.03, 0.00",116,0,116,767,3028,"0.89, 0.29, 0.31",118,116,115,0,115,3,9,5766,9267
2026-09-02T17:10:03.768324+00:00,321,584,"0.01, 0.01, 0.00",116,0,116,576,3219,"0.98, 1.52, 0.94",118,116,116,0,116,3,9,5766,9267
2026-09-02T17:15:04.122501+00:00,319,585,"0.01, 0.00, 0.00",116,0,116,581,3214,"0.06, 0.62, 0.70",118,116,116,0,116,3,9,5766,9267
2026-09-02T17:20:04.793092+00:00,320,584,"0.12, 0.03, 0.01",116,0,116,576,3219,"0.00, 0.22, 0.50",118,116,116,0,116,3,9,5766,9267
2026-09-02T17:25:04.070058+00:00,319,586,"0.00, 0.01, 0.00",116,0,116,574,3220,"0.03, 0.14, 0.39",118,116,116,0,116,3,9,5766,9267
2026-09-02T17:30:03.938150+00:00,317,587,"0.00, 0.00, 0.00",116,0,116,575,3220,"0.00, 0.04, 0.27",118,116,116,0,116,3,9,5766,9267
2026-09-02T17:35:04.392018+00:00,323,581,"0.00, 0.00, 0.00",116,0,116,575,3220,"0.58, 0.31, 0.31",118,116,116,0,116,3,9,5766,9267
2026-09-02T17:40:04.153183+00:00,321,583,"0.00, 0.02, 0.00",118,0,118,756,3039,"4.11, 2.72, 1.36",120,118,117,0,117,3,9,5766,9267
2026-09-02T17:45:03.916275+00:00,319,585,"0.00, 0.02, 0.00",118,0,118,575,3220,"0.22, 1.53, 1.27",120,118,118,0,118,3,9,5766,9267
2026-09-02T17:50:03.391351+00:00,322,582,"0.00, 0.00, 0.00",118,0,118,597,3198,"0.10, 0.69, 0.98",120,118,118,0,118,3,9,5766,9267
2026-09-02T17:55:03.584815+00:00,322,582,"0.00, 0.00, 0.00",118,0,118,597,3198,"0.13, 0.28, 0.71",120,118,118,0,118,3,9,5766,9267
2026-09-02T18:00:03.373441+00:00,322,582,"0.00, 0.01, 0.00",118,0,118,595,3200,"0.00, 0.09, 0.50",120,118,118,0,118,3,9,5766,9267
2026-09-02T18:05:04.315313+00:00,320,584,"0.00, 0.02, 0.00",118,0,118,591,3204,"0.28, 0.16, 0.40",120,118,118,0,118,3,9,5766,9267
2026-09-02T18:10:04.798176+00:00,321,583,"0.09, 0.03, 0.01",118,0,118,580,3215,"0.08, 0.13, 0.32",120,118,118,0,118,3,9,5766,9267
2026-09-02T18:15:03.836486+00:00,318,586,"0.00, 0.00, 0.00",118,0,118,578,3216,"0.02, 0.06, 0.23",120,118,118,0,118,3,9,5766,9267
2026-09-02T18:20:03.910486+00:00,319,585,"0.00, 0.00, 0.00",119,0,119,759,3036,"3.41, 1.36, 0.66",121,119,118,0,118,3,9,5766,9267
2026-09-02T18:25:04.049870+00:00,318,586,"0.11, 0.04, 0.01",119,0,119,577,3218,"0.21, 0.87, 0.68",121,119,119,0,119,3,9,5766,9267
2026-09-02T18:30:04.662496+00:00,318,586,"0.03, 0.02, 0.00",119,0,119,579,3215,"0.06, 0.46, 0.56",121,119,119,0,119,3,9,5766,9267
2026-09-02T18:35:04.616332+00:00,319,585,"0.00, 0.00, 0.00",119,0,119,581,3214,"0.00, 0.16, 0.39",121,119,119,0,119,3,9,5766,9267
2026-09-02T18:40:04.473971+00:00,321,584,"0.00, 0.00, 0.00",119,0,119,579,3216,"0.00, 0.05, 0.27",121,119,119,0,119,3,9,5766,9267
2026-09-02T18:45:03.937320+00:00,320,584,"0.01, 0.01, 0.00",119,0,119,583,3212,"0.34, 0.12, 0.22",121,119,119,0,119,3,9,5766,9267
2026-09-02T18:50:04.122776+00:00,321,583,"0.00, 0.00, 0.00",119,0,119,577,3218,"0.16, 0.10, 0.17",121,119,119,0,119,3,9,5766,9267
2026-09-02T18:55:04.420513+00:00,319,585,"0.00, 0.00, 0.00",119,0,119,577,3217,"0.15, 0.15, 0.18",121,119,119,0,119,3,9,5766,9267
2026-09-02T19:00:03.952957+00:00,323,581,"0.08, 0.02, 0.01",119,0,119,578,3217,"0.00, 0.05, 0.12",121,119,119,0,119,3,9,5766,9267
2026-09-02T19:05:03.748516+00:00,318,586,"0.03, 0.03, 0.00",119,0,119,577,3218,"0.19, 0.12, 0.12",121,119,119,0,119,3,9,5766,9267
2026-09-02T19:10:04.251863+00:00,320,584,"0.00, 0.01, 0.00",119,0,119,578,3217,"0.08, 0.24, 0.18",121,119,119,0,119,3,9,5766,9267
2026-09-02T19:15:04.812412+00:00,320,584,"0.00, 0.00, 0.00",119,0,119,578,3217,"0.04, 0.12, 0.14",121,119,119,0,119,3,9,5766,9267
2026-09-02T19:20:04.503916+00:00,320,584,"0.03, 0.04, 0.01",119,0,119,579,3216,"0.00, 0.05, 0.09",121,119,119,0,119,3,9,5766,9267
2026-09-02T19:25:03.261868+00:00,322,583,"0.07, 0.04, 0.00",119,0,119,579,3216,"0.00, 0.01, 0.06",121,119,119,0,119,3,9,5766,9267
2026-09-02T19:30:03.368904+00:00,318,586,"0.01, 0.02, 0.00",119,0,119,586,3209,"0.30, 0.14, 0.11",121,119,119,0,119,3,9,5766,9267
2026-09-02T19:35:03.201658+00:00,323,581,"0.06, 0.03, 0.01",119,0,119,579,3216,"0.06, 0.15, 0.13",121,119,119,0,119,3,9,5766,9267
2026-09-02T19:40:03.886898+00:00,319,585,"0.00, 0.01, 0.00",119,0,119,580,3215,"0.00, 0.05, 0.08",121,119,119,0,119,3,9,5766,9267
2026-09-02T19:45:03.377201+00:00,323,581,"0.00, 0.00, 0.00",119,0,119,581,3214,"0.00, 0.01, 0.05",121,119,119,0,119,3,9,5766,9267
2026-09-02T19:50:03.582551+00:00,323,581,"0.01, 0.02, 0.00",119,0,119,584,3211,"0.07, 0.06, 0.06",121,119,119,0,119,3,9,5766,9267
2026-09-02T19:55:03.281522+00:00,320,584,"0.00, 0.00, 0.00",119,0,119,580,3215,"0.00, 0.01, 0.03",121,119,119,0,119,3,9,5766,9267
2026-09-02T20:00:03.063569+00:00,320,584,"0.00, 0.00, 0.00",120,0,120,579,3216,"1.94, 1.56, 0.68",122,120,120,0,120,3,9,5766,9267
2026-09-02T20:05:03.980267+00:00,318,586,"0.00, 0.00, 0.00",121,0,121,766,3029,"3.81, 2.21, 1.12",123,121,120,0,120,3,9,5766,9267
2026-09-02T20:10:03.521041+00:00,321,584,"0.00, 0.01, 0.00",121,0,121,588,3207,"0.68, 1.19, 0.98",123,121,121,0,121,3,9,5766,9267
2026-09-02T20:15:03.478940+00:00,323,581,"0.00, 0.00, 0.00",121,0,121,597,3198,"0.01, 0.46, 0.72",123,121,121,0,121,3,9,5766,9267
2026-09-02T20:20:03.735291+00:00,328,576,"0.05, 0.04, 0.00",122,0,122,768,3027,"2.89, 1.08, 0.84",124,122,121,0,121,3,9,5766,9267
2026-09-02T20:25:03.526542+00:00,326,579,"0.00, 0.00, 0.00",123,0,123,780,3015,"0.83, 1.15, 1.00",125,123,122,0,122,3,9,5766,9267
2026-09-02T20:30:03.303431+00:00,326,578,"0.05, 0.03, 0.00",123,0,123,614,3181,"0.74, 1.65, 1.34",125,123,123,0,123,3,9,5766,9267
2026-09-02T20:35:03.020206+00:00,328,576,"0.00, 0.00, 0.00",125,0,125,768,3027,"3.43, 1.95, 1.47",127,125,123,0,123,3,9,5766,9267
2026-09-02T20:40:03.254071+00:00,329,575,"0.00, 0.00, 0.00",127,0,127,767,3028,"4.40, 3.37, 2.22",129,127,125,0,125,3,9,5766,9267
2026-09-02T20:45:03.772133+00:00,327,577,"0.08, 0.02, 0.01",128,0,128,723,3072,"3.97, 3.98, 2.83",130,128,127,0,127,3,9,5766,9267
2026-09-02T20:50:03.742965+00:00,330,575,"0.03, 0.03, 0.00",128,0,128,584,3211,"0.71, 2.67, 2.66",130,128,128,0,128,3,9,5766,9267
2026-09-02T20:55:03.350375+00:00,328,576,"0.00, 0.02, 0.00",128,0,128,585,3210,"0.30, 1.20, 2.01",130,128,128,0,128,3,9,5766,9267
2026-09-02T21:00:03.810542+00:00,326,578,"0.00, 0.00, 0.00",128,0,128,589,3206,"0.08, 0.45, 1.45",130,128,128,0,128,3,9,5766,9267
2026-09-02T21:05:03.351378+00:00,325,579,"0.01, 0.01, 0.00",128,0,128,603,3191,"0.08, 0.18, 1.05",130,128,128,0,128,3,9,5766,9267
2026-09-02T21:10:03.605930+00:00,330,574,"0.20, 0.07, 0.02",128,0,128,600,3195,"0.03, 0.07, 0.75",130,128,128,0,128,3,9,5766,9267
2026-09-02T21:15:03.222648+00:00,328,577,"0.00, 0.02, 0.00",128,0,128,590,3205,"0.09, 0.08, 0.57",130,128,128,0,128,3,9,5766,9267
2026-09-02T21:20:04.033567+00:00,328,576,"0.00, 0.00, 0.00",128,0,128,602,3193,"0.12, 0.16, 0.47",130,128,128,0,128,3,9,5766,9267
2026-09-02T21:25:04.192409+00:00,326,578,"0.00, 0.00, 0.00",129,0,129,767,3028,"2.79, 0.92, 0.64",131,129,128,0,128,3,9,5766,9267
2026-09-02T21:30:03.782642+00:00,326,579,"0.09, 0.03, 0.01",129,0,129,592,3202,"0.16, 0.97, 0.81",131,129,129,0,129,3,9,5766,9267
2026-09-02T21:35:03.722476+00:00,327,577,"0.00, 0.00, 0.00",129,0,129,585,3209,"0.04, 0.42, 0.61",131,129,129,0,129,3,9,5766,9267
2026-09-02T21:40:03.601173+00:00,325,579,"0.00, 0.00, 0.00",130,0,130,769,3026,"3.52, 1.53, 0.95",132,130,129,0,129,3,9,5766,9267
2026-09-02T21:45:03.240162+00:00,326,578,"0.00, 0.00, 0.00",131,0,131,593,3202,"3.91, 2.69, 1.59",133,131,131,0,131,3,9,5766,9267
2026-09-02T21:50:03.162639+00:00,328,576,"0.00, 0.00, 0.00",131,0,131,597,3198,"0.02, 0.98, 1.14",133,131,131,0,131,3,9,5766,9267
2026-09-02T21:55:03.723021+00:00,328,576,"0.01, 0.02, 0.00",131,0,131,588,3207,"0.06, 0.41, 0.84",133,131,131,0,131,3,9,5766,9267
2026-09-02T22:00:03.339129+00:00,329,575,"0.00, 0.00, 0.00",131,0,131,589,3206,"0.00, 0.14, 0.60",133,131,131,0,131,3,9,5766,9267
2026-09-02T22:05:03.385446+00:00,326,578,"0.04, 0.02, 0.00",132,0,132,770,3025,"2.20, 0.64, 0.62",134,132,131,0,131,3,9,5766,9267
2026-09-02T22:10:03.643453+00:00,327,577,"0.00, 0.00, 0.00",133,0,133,773,3022,"3.45, 2.18, 1.31",135,133,132,0,132,3,9,5766,9267
2026-09-02T22:15:03.223730+00:00,328,576,"0.16, 0.06, 0.01",133,0,133,590,3205,"0.26, 1.30, 1.22",135,133,133,0,133,3,9,5766,9267
2026-09-02T22:20:03.236949+00:00,329,575,"0.08, 0.03, 0.01",133,0,133,584,3211,"0.00, 0.47, 0.87",135,133,133,0,133,3,9,5766,9267
2026-09-02T22:25:03.383633+00:00,330,574,"0.01, 0.02, 0.00",133,0,133,610,3185,"0.09, 0.20, 0.63",135,133,133,0,133,3,9,5766,9267
2026-09-02T22:30:03.780918+00:00,328,576,"0.08, 0.03, 0.01",133,0,133,607,3188,"0.14, 0.11, 0.46",135,133,133,0,133,3,9,5766,9267
2026-09-02T22:35:03.761468+00:00,327,577,"0.04, 0.03, 0.00",133,0,133,607,3188,"0.16, 0.21, 0.41",135,133,133,0,133,3,9,5766,9267
2026-09-02T22:40:04.132631+00:00,325,579,"0.02, 0.04, 0.00",133,0,133,592,3202,"0.12, 0.13, 0.32",135,133,133,0,133,3,9,5766,9267
2026-09-02T22:45:03.277701+00:00,326,578,"0.12, 0.05, 0.01",134,0,134,770,3025,"3.49, 1.40, 0.73",136,134,133,0,133,3,9,5766,9267
2026-09-02T22:50:06.748638+00:00,327,577,"0.00, 0.01, 0.00",134,0,134,590,3205,"0.09, 0.82, 0.71",136,134,134,0,134,3,9,5766,9267
2026-09-02T22:55:03.527357+00:00,326,578,"0.01, 0.01, 0.00",134,0,134,589,3205,"0.38, 0.39, 0.54",136,134,134,0,134,3,9,5766,9267
2026-09-02T23:00:03.496639+00:00,325,579,"0.00, 0.00, 0.00",134,0,134,592,3203,"0.31, 0.25, 0.43",136,134,134,0,134,3,9,5766,9267
2026-09-02T23:05:03.255740+00:00,326,578,"0.00, 0.00, 0.00",134,0,134,593,3201,"0.01, 0.12, 0.32",136,134,134,0,134,3,9,5766,9267
2026-09-02T23:10:03.778228+00:00,327,577,"0.04, 0.01, 0.00",134,0,134,603,3191,"0.00, 0.04, 0.22",136,134,134,0,134,3,9,5766,9267
2026-09-02T23:15:03.618607+00:00,326,578,"0.07, 0.03, 0.01",134,0,134,593,3201,"0.11, 0.04, 0.16",136,134,134,0,134,3,9,5766,9267
2026-09-02T23:20:04.338835+00:00,327,577,"0.00, 0.00, 0.00",134,0,134,596,3199,"0.03, 0.08, 0.16",136,134,134,0,134,3,9,5766,9267
2026-09-02T23:25:05.334490+00:00,327,577,"0.00, 0.00, 0.00",134,0,134,593,3202,"0.00, 0.02, 0.10",136,134,134,0,134,3,9,5766,9267
2026-09-02T23:30:04.195637+00:00,328,576,"0.00, 0.00, 0.00",134,0,134,592,3202,"0.00, 0.01, 0.07",136,134,134,0,134,3,9,5766,9267
2026-09-02T23:35:03.571885+00:00,329,575,"0.01, 0.01, 0.00",134,0,134,593,3202,"0.47, 0.14, 0.10",136,134,134,0,134,3,9,5766,9267
2026-09-02T23:40:03.169021+00:00,327,577,"0.02, 0.02, 0.00",134,0,134,593,3202,"0.02, 0.10, 0.09",136,134,134,0,134,3,9,5766,9267
2026-09-02T23:45:03.527750+00:00,329,575,"0.07, 0.02, 0.00",134,0,134,592,3203,"0.00, 0.03, 0.06",136,134,134,0,134,3,9,5766,9267
2026-09-02T23:50:04.279661+00:00,328,576,"0.00, 0.00, 0.00",135,0,135,776,3019,"3.60, 1.45, 0.57",137,135,134,0,134,3,9,5766,9267
2026-09-02T23:55:03.531451+00:00,329,575,"0.03, 0.02, 0.00",135,0,135,595,3200,"0.05, 0.76, 0.55",137,135,135,0,135,3,9,5766,9267
2026-09-03T00:00:04.387754+00:00,327,577,"0.00, 0.02, 0.00",135,0,135,601,3194,"0.11, 0.36, 0.43",137,135,135,0,135,3,9,5766,9267
2026-09-03T00:05:04.170873+00:00,328,576,"0.00, 0.01, 0.00",135,0,135,592,3203,"0.08, 0.14, 0.30",137,135,135,0,135,3,9,5766,9267
2026-09-03T00:10:03.713312+00:00,329,576,"0.00, 0.00, 0.00",135,0,135,594,3201,"0.09, 0.19, 0.27",137,135,135,0,135,3,9,5766,9267
2026-09-03T00:15:03.619758+00:00,328,576,"0.00, 0.00, 0.00",135,0,135,592,3203,"0.04, 0.08, 0.19",137,135,135,0,135,3,9,5766,9267
2026-09-03T00:20:03.397260+00:00,330,574,"0.00, 0.00, 0.00",135,0,135,593,3201,"0.45, 0.16, 0.18",137,135,135,0,135,3,9,5766,9267
2026-09-03T00:25:03.517033+00:00,326,578,"0.00, 0.00, 0.00",135,0,135,613,3182,"0.04, 0.09, 0.15",137,135,135,0,135,3,9,5766,9267
2026-09-03T00:30:03.802909+00:00,327,577,"0.01, 0.02, 0.00",135,0,135,601,3194,"0.03, 0.04, 0.09",137,135,135,0,135,3,9,5766,9267
2026-09-03T00:35:03.812480+00:00,331,574,"0.03, 0.02, 0.00",135,0,135,611,3184,"0.22, 0.11, 0.10",137,135,135,0,135,3,9,5766,9267
2026-09-03T00:40:03.681658+00:00,329,575,"0.00, 0.01, 0.00",135,0,135,595,3200,"0.26, 0.25, 0.17",137,135,135,0,135,3,9,5766,9267
2026-09-03T00:45:03.689641+00:00,331,574,"0.00, 0.00, 0.00",135,0,135,602,3193,"0.20, 0.18, 0.16",137,135,135,0,135,3,9,5766,9267
2026-09-03T00:50:03.883373+00:00,328,576,"0.00, 0.00, 0.00",135,0,135,607,3187,"0.05, 0.08, 0.11",137,135,135,0,135,3,9,5766,9267
2026-09-03T00:55:12.304790+00:00,329,575,"0.00, 0.00, 0.00",135,0,135,609,3186,"0.07, 0.06, 0.08",137,135,135,0,135,3,9,5766,9267
2026-09-03T01:00:04.868919+00:00,330,574,"0.04, 0.02, 0.00",135,0,135,628,3166,"0.42, 0.18, 0.12",137,135,135,0,135,3,9,5766,9267
2026-09-03T01:05:03.917050+00:00,331,573,"0.00, 0.00, 0.00",135,0,135,604,3191,"0.13, 0.17, 0.14",137,135,135,0,135,3,9,5766,9267
2026-09-03T01:10:03.756813+00:00,329,575,"0.00, 0.00, 0.00",135,0,135,610,3184,"0.08, 0.09, 0.10",137,135,135,0,135,3,9,5766,9267
2026-09-03T01:15:03.603425+00:00,328,576,"0.00, 0.00, 0.00",135,0,135,629,3166,"0.08, 0.08, 0.09",137,135,135,0,135,3,9,5766,9267
2026-09-03T01:20:04.089551+00:00,327,577,"0.04, 0.01, 0.00",135,0,135,607,3188,"0.02, 0.04, 0.07",137,135,135,0,135,3,9,5766,9267
2026-09-03T01:25:03.697865+00:00,327,577,"0.00, 0.00, 0.00",136,0,136,607,3188,"0.62, 1.33, 0.71",138,136,136,0,136,3,9,5766,9267
2026-09-03T01:30:04.057233+00:00,330,574,"0.00, 0.00, 0.00",136,0,136,609,3185,"0.08, 0.53, 0.52",138,136,136,0,136,3,9,5766,9267
2026-09-03T01:35:03.762687+00:00,331,574,"0.00, 0.00, 0.00",136,0,136,607,3188,"0.42, 0.33, 0.42",138,136,136,0,136,3,9,5766,9267
2026-09-03T01:40:03.815003+00:00,333,571,"0.00, 0.00, 0.00",136,0,136,614,3180,"0.07, 0.17, 0.32",138,136,136,0,136,3,9,5766,9267
2026-09-03T01:45:03.388319+00:00,328,576,"0.21, 0.07, 0.02",136,0,136,606,3188,"0.04, 0.12, 0.25",138,136,136,0,136,3,9,5766,9267
2026-09-03T01:50:04.045515+00:00,329,575,"0.00, 0.02, 0.00",136,0,136,607,3188,"0.00, 0.04, 0.17",138,136,136,0,136,3,9,5766,9267
2026-09-03T01:55:04.158571+00:00,329,575,"0.05, 0.01, 0.00",136,0,136,606,3189,"0.00, 0.00, 0.11",138,136,136,0,136,3,9,5766,9267
2026-09-03T02:00:03.176552+00:00,326,578,"0.00, 0.00, 0.00",136,0,136,606,3189,"0.05, 0.01, 0.08",138,136,136,0,136,3,9,5766,9267
2026-09-03T02:05:03.728213+00:00,327,577,"0.01, 0.02, 0.00",137,0,137,789,3006,"3.67, 1.32, 0.54",139,137,136,0,136,3,9,5766,9267
2026-09-03T02:10:03.837834+00:00,329,575,"0.01, 0.02, 0.00",137,0,137,606,3189,"0.32, 1.37, 0.88",139,137,137,0,137,3,9,5766,9267
2026-09-03T02:15:04.003251+00:00,329,575,"0.00, 0.00, 0.00",137,0,137,608,3187,"0.01, 0.51, 0.63",139,137,137,0,137,3,9,5766,9267
2026-09-03T02:20:04.074255+00:00,330,574,"0.00, 0.00, 0.00",137,0,137,618,3176,"0.11, 0.21, 0.45",139,137,137,0,137,3,9,5766,9267
2026-09-03T02:25:04.050300+00:00,329,575,"0.00, 0.01, 0.00",138,0,138,788,3007,"3.70, 1.52, 0.86",140,138,137,0,137,3,9,5766,9267
2026-09-03T02:30:04.394548+00:00,330,574,"0.00, 0.02, 0.00",138,0,138,605,3189,"0.07, 0.89, 0.82",140,138,138,0,138,3,9,5766,9267
2026-09-03T02:35:04.133917+00:00,328,576,"0.01, 0.01, 0.00",138,0,138,607,3188,"0.00, 0.32, 0.58",140,138,138,0,138,3,9,5766,9267
2026-09-03T02:40:05.187818+00:00,331,573,"0.00, 0.00, 0.00",138,0,138,608,3187,"0.02, 0.13, 0.42",140,138,138,0,138,3,9,5766,9267
2026-09-03T02:45:03.860913+00:00,328,576,"0.01, 0.02, 0.00",138,0,138,605,3189,"0.20, 0.13, 0.33",140,138,138,0,138,3,9,5766,9267
2026-09-03T02:50:03.838590+00:00,327,577,"0.01, 0.01, 0.00",138,0,138,609,3185,"0.04, 0.17, 0.30",140,138,138,0,138,3,9,5766,9267
2026-09-03T02:55:03.838934+00:00,328,576,"0.00, 0.00, 0.00",138,0,138,607,3187,"0.32, 0.26, 0.29",140,138,138,0,138,3,9,5766,9267
2026-09-03T03:00:04.588137+00:00,326,578,"0.00, 0.00, 0.00",138,0,138,607,3188,"0.01, 0.11, 0.21",140,138,138,0,138,3,9,5766,9267
2026-09-03T03:05:04.190489+00:00,327,577,"0.02, 0.01, 0.00",138,0,138,611,3184,"0.36, 0.22, 0.22",140,138,138,0,138,3,9,5766,9267
2026-09-03T03:10:04.435158+00:00,330,574,"0.00, 0.00, 0.00",139,0,139,802,2992,"0.40, 0.18, 0.19",141,139,138,0,138,3,9,5766,9267
2026-09-03T03:15:04.582443+00:00,329,575,"0.00, 0.00, 0.00",139,0,139,606,3189,"0.46, 1.18, 0.72",141,139,139,0,139,3,9,5766,9267
2026-09-03T03:20:04.694222+00:00,331,574,"0.00, 0.00, 0.00",139,0,139,606,3188,"0.00, 0.42, 0.51",141,139,139,0,139,3,9,5766,9267
2026-09-03T03:25:03.730680+00:00,326,578,"0.06, 0.03, 0.00",139,0,139,606,3188,"0.00, 0.15, 0.36",141,139,139,0,139,3,9,5766,9267
2026-09-03T03:30:04.107781+00:00,325,580,"0.00, 0.02, 0.00",139,0,139,606,3189,"0.06, 0.12, 0.29",141,139,139,0,139,3,9,5766,9267
2026-09-03T03:35:04.209371+00:00,328,576,"0.00, 0.00, 0.00",139,0,139,606,3189,"0.49, 0.23, 0.28",141,139,139,0,139,3,9,5766,9267
2026-09-03T03:40:04.310810+00:00,325,579,"0.00, 0.00, 0.00",139,0,139,611,3184,"0.07, 0.11, 0.20",141,139,139,0,139,3,9,5766,9267
2026-09-03T03:45:05.074869+00:00,328,576,"0.00, 0.00, 0.00",139,0,139,636,3159,"0.00, 0.04, 0.14",141,139,139,0,139,3,9,5766,9267
2026-09-03T03:50:03.740932+00:00,329,575,"0.02, 0.01, 0.00",140,0,140,607,3188,"0.73, 1.30, 0.73",142,140,140,0,140,3,9,5766,9267
2026-09-03T03:55:04.559751+00:00,328,576,"0.08, 0.02, 0.01",140,0,140,610,3185,"0.01, 0.49, 0.52",142,140,140,0,140,3,9,5766,9267
2026-09-03T04:00:05.148676+00:00,327,577,"0.00, 0.00, 0.00",140,0,140,608,3187,"0.00, 0.17, 0.37",142,140,140,0,140,3,9,5766,9267
2026-09-03T04:05:05.179938+00:00,327,578,"0.00, 0.00, 0.00",140,0,140,619,3176,"0.06, 0.08, 0.26",142,140,140,0,140,3,9,5766,9267
2026-09-03T04:10:04.588935+00:00,328,577,"0.00, 0.01, 0.00",140,0,140,606,3189,"0.15, 0.22, 0.27",142,140,140,0,140,3,9,5766,9267
2026-09-03T04:15:05.319659+00:00,325,579,"0.18, 0.06, 0.01",141,0,141,610,3185,"1.02, 1.49, 0.86",143,141,141,0,141,3,9,5766,9267
2026-09-03T04:20:04.738250+00:00,327,577,"0.00, 0.02, 0.00",142,0,142,607,3188,"1.09, 1.94, 1.27",144,142,142,0,142,3,9,5766,9267
2026-09-03T04:25:04.585325+00:00,327,577,"0.00, 0.00, 0.00",142,0,142,607,3188,"0.02, 0.74, 0.92",144,142,142,0,142,3,9,5766,9267
2026-09-03T04:30:05.939639+00:00,326,578,"0.23, 0.06, 0.02",142,0,142,605,3190,"0.17, 0.35, 0.69",144,142,142,0,142,2,10,5766,9267
2026-09-03T04:35:04.409041+00:00,330,574,"0.02, 0.04, 0.00",142,0,142,606,3189,"0.06, 0.15, 0.50",144,142,142,0,142,1,11,5766,9267
2026-09-03T04:40:03.785314+00:00,328,576,"0.00, 0.01, 0.00",142,0,142,605,3189,"0.01, 0.06, 0.35",144,142,142,0,142,1,11,5766,9267
2026-09-03T04:45:04.802602+00:00,332,572,"0.00, 0.00, 0.00",142,0,142,606,3189,"0.01, 0.10, 0.30",144,142,142,0,142,0,12,5766,9267
2026-09-03T04:50:03.793058+00:00,329,575,"0.18, 0.08, 0.02",142,0,142,606,3189,"0.24, 0.12, 0.24",144,142,142,0,142,0,12,5766,9267
2026-09-03T04:55:04.276177+00:00,327,577,"0.00, 0.02, 0.00",142,0,142,606,3189,"0.00, 0.06, 0.17",144,142,142,0,142,0,12,5766,9267
2026-09-03T05:00:04.240940+00:00,329,576,"0.00, 0.01, 0.00",142,0,142,612,3183,"0.00, 0.02, 0.12",144,142,142,0,142,0,12,5766,9267
2026-09-03T05:05:03.730197+00:00,329,575,"0.00, 0.00, 0.00",142,0,142,608,3187,"0.74, 0.21, 0.15",144,142,142,0,142,0,12,5766,9267
2026-09-03T05:10:04.744990+00:00,332,572,"0.08, 0.03, 0.00",142,0,142,606,3189,"0.26, 0.34, 0.23",144,142,142,0,142,0,12,5766,9267
2026-09-03T05:15:04.476196+00:00,328,576,"0.00, 0.00, 0.00",142,0,142,606,3189,"0.00, 0.15, 0.18",144,142,142,0,142,0,12,5766,9267
2026-09-03T05:20:05.134193+00:00,328,576,"0.00, 0.00, 0.00",148,0,148,789,3006,"3.64, 1.93, 0.88",150,148,143,0,143,0,12,5766,9267
2026-09-03T05:25:04.140205+00:00,329,575,"0.00, 0.00, 0.00",152,0,152,788,3007,"4.04, 3.23, 1.74",154,152,144,0,144,0,12,5766,9267
2026-09-03T05:30:04.728827+00:00,328,576,"0.05, 0.01, 0.00",153,0,153,788,3007,"3.91, 3.66, 2.35",155,153,146,0,146,0,12,5766,9267
2026-09-03T05:35:03.893730+00:00,328,576,"0.00, 0.00, 0.00",153,0,153,807,2988,"4.08, 3.95, 2.85",155,153,148,0,148,0,12,5766,9267
2026-09-03T05:40:04.967720+00:00,328,576,"0.00, 0.00, 0.00",153,0,153,787,3008,"4.55, 4.33, 3.32",155,153,149,0,149,0,12,5766,9267
2026-09-03T05:45:04.379736+00:00,329,575,"0.00, 0.00, 0.00",153,0,153,786,3009,"4.04, 4.12, 3.52",155,153,151,0,151,0,12,5766,9267
2026-09-03T05:50:04.461801+00:00,329,575,"0.00, 0.00, 0.00",153,0,153,637,3158,"3.21, 3.87, 3.61",155,153,153,0,153,0,12,5766,9267
2026-09-03T05:55:04.046690+00:00,333,571,"0.00, 0.01, 0.00",154,0,154,617,3177,"0.73, 2.76, 3.27",156,154,154,0,154,0,12,5766,9267
2026-09-03T06:00:07.644648+00:00,333,572,"0.04, 0.02, 0.00",154,0,154,611,3184,"0.00, 1.01, 2.35",156,154,154,0,154,0,12,5766,9267
2026-09-03T06:05:05.490293+00:00,329,575,"0.32, 0.07, 0.02",155,0,155,789,3006,"2.49, 1.06, 1.94",157,155,154,0,154,0,12,5766,9267
2026-09-03T06:10:06.630539+00:00,332,572,"0.00, 0.02, 0.00",155,0,155,607,3188,"0.64, 1.39, 1.92",157,155,155,0,155,0,12,5766,9267
